insert into user_entity (id, username, password, dni, nombre, email, tlf, avatar, roles, account_non_expired, account_non_locked, credentials_non_expired, enabled, created_at, last_password_change_at) values ('3e380d54-861c-4809-bb84-bd32bab42c2e', 'mrl26', '{bcrypt}$2y$10$MZ/Qq.yKwfaUD0mJtvkmIerO1Zz3/2nVjwt3wTlHop7FB/giO9ARq', '09124790Y', 'Mario Ruiz López', 'mario@mario.com', '676 384 054', 'https://robohash.org/mrl26', 'ADMIN, MEC', 'true', 'true', 'true', 'true', '2023-02-10 00:00:00', '2023-02-10 00:00:00');
insert into user_entity (id, username, password, dni, nombre, email, tlf, avatar, roles, account_non_expired, account_non_locked, credentials_non_expired, enabled, created_at, last_password_change_at) values ('17f920ca-57ac-4053-933c-7d5a6c9cd328', 'asp14', '{bcrypt}$2y$10$5YIEibxg1P8haTfhlNRtp.JJPHB8XIU8g.gqTXxOb/1sLpQAuP8WS', '30376644T', 'Alejandro Santos Pacheco', 'ale@ale.com', '675 796 623', 'https://robohash.org/asp14', 'MEC', 'true', 'true', 'true', 'true', '2023-02-10 00:00:00', '2023-02-10 00:00:00');
insert into user_entity (id, username, password, dni, nombre, email, tlf, avatar, roles, account_non_expired, account_non_locked, credentials_non_expired, enabled, created_at, last_password_change_at) values ('d182a454-9998-4c82-a622-2d7bafc0379a', 'jjml4', '{bcrypt}$2y$10$wjM/ixGOcBsaSNHuDRBv/eJQucyo9xwn7OG5P8LVkwp1GbSI8JBLa', '52874103V', 'Jose Javier Moriña León', 'jj@jj.com', '675 796 623', 'https://robohash.org/jjml4', 'CLIENTE', 'true', 'true', 'true', 'true', '2023-02-10 00:00:00', '2023-02-10 00:00:00');
insert into user_entity (id, username, password, dni, nombre, email, tlf, avatar, roles, account_non_expired, account_non_locked, credentials_non_expired, enabled, created_at, last_password_change_at) values ('43dc49e5-7cb2-461a-8ed4-e0f36c696b73', 'lvc19', '{bcrypt}$2y$10$JXMo6ryUb9t6artJuDxLJOjEZ2N.OKf9L8OmZcqH0pyQXJzYaAhzq', '84731084D', 'Luis Verde Cantero', 'luis@luis.com', '620 485 963', 'https://robohash.org/lvc19', 'MEC', 'true', 'true', 'true', 'true', '2023-02-10 00:00:00', '2023-02-10 00:00:00');
insert into user_entity (id, username, password, dni, nombre, email, tlf, avatar, roles, account_non_expired, account_non_locked, credentials_non_expired, enabled, created_at, last_password_change_at) values ('c2cac01b-0bc0-4748-ab28-956190e4ab7a', 'mdh11', '{bcrypt}$2y$10$FgcwaAfg6mVQdm5ETMFESOzO3gZPwKUsIaKsNhXR6o7Rj/blRKSim', '29556486K', 'Manuel Delgado Hernández', 'manu@manu.com', '698 520 147', 'https://robohash.org/mdh11', 'CLIENTE', 'true', 'true', 'true', 'true', '2023-02-10 00:00:00', '2023-02-10 00:00:00');
insert into user_entity (id, username, password, dni, nombre, email, tlf, avatar, roles, account_non_expired, account_non_locked, credentials_non_expired, enabled, created_at, last_password_change_at) values ('bc2a6f6e-b4b9-40d1-ab90-fe9d78ae414e', 'fmf14', '{bcrypt}$2y$10$3i5d8fScAGfwHRLqZvFkUuXkDna01zKsJQ8Do0P44xFX1Q5iegTke', '60437101Y', 'Francisco Martín Fernández', 'fran@fran.com', '641 785 203', 'https://robohash.org/fmf14', 'CLIENTE', 'true', 'true', 'true', 'true', '2023-02-10 00:00:00', '2023-02-10 00:00:00');
insert into user_entity (id, username, password, dni, nombre, email, tlf, avatar, roles, account_non_expired, account_non_locked, credentials_non_expired, enabled, created_at, last_password_change_at) values ('1240bad9-5055-43ca-a640-75cd1f59c493', 'ism5', '{bcrypt}$2y$10$ECzScaXMcHo.IHyN7AoSG.rLq.G9hUleRK8ImNSWHY5oww7zfXkhy', '47017557I', 'Irene Salas Murciano', 'irene@irene.com', '692 014 752', 'https://robohash.org/ism5', 'CLIENTE', 'true', 'true', 'true', 'true', '2023-02-10 00:00:00', '2023-02-10 00:00:00');
insert into user_entity (id, username, password, dni, nombre, email, tlf, avatar, roles, account_non_expired, account_non_locked, credentials_non_expired, enabled, created_at, last_password_change_at) values ('72b1385c-4a6f-4a43-9539-d04c154c7b71', 'lgm4', '{bcrypt}$2y$10$eG0NCD9cD6ITfBzmGAuFc.JXuBO2k0BSR/PJFmPgYCZlXnH.21Xku', '49655052A', 'Laura Gordillo Moreno', 'laura@laura.com', '685 027 893', 'https://robohash.org/lgm4', 'CLIENTE', 'true', 'true', 'true', 'true', '2023-02-10 00:00:00', '2023-02-10 00:00:00');
insert into user_entity (id, username, password, dni, nombre, email, tlf, avatar, roles, account_non_expired, account_non_locked, credentials_non_expired, enabled, created_at, last_password_change_at) values ('6ed05011-ab90-4051-84bd-7587e747b96f', 'cca15', '{bcrypt}$2y$10$kjD9AdtyXZqkzS7ZllH1puJ9VLTjaOK/XyKhgSjk2WcAUVG2zy1si', '58199969P', 'Cristina Coloma Asencio', 'cris@cris.com', '630 853 478', 'https://robohash.org/cca15', 'CLIENTE', 'true', 'true', 'true', 'true', '2023-02-10 00:00:00', '2023-02-10 00:00:00');
insert into user_entity (id, username, password, dni, nombre, email, tlf, avatar, roles, account_non_expired, account_non_locked, credentials_non_expired, enabled, created_at, last_password_change_at) values ('f7d699b1-d7fd-4408-990a-5287b3229597', 'mrb23', '{bcrypt}$2y$10$GSNDbHlp0yv1g7BzKIcJz.nHfyfrykWn3t4hh3GP28ja5n6RwkGXy', '37595174M', 'Manuel Ruiz Benavente', 'lolo@lolo.com', '661 120 518', 'https://robohash.org/mrb23', 'CLIENTE', 'true', 'true', 'true', 'true', '2023-02-10 00:00:00', '2023-02-10 00:00:00');
insert into user_entity (id, username, password, dni, nombre, email, tlf, avatar, roles, account_non_expired, account_non_locked, credentials_non_expired, enabled, created_at, last_password_change_at) values ('8183cd78-6800-4b73-bdb7-049210af25da', 'rls11', '{bcrypt}$2y$10$Jd2CX/UmpGeVQQ33Urbcye1X0gNBTS08d2c9w2B1YnuxYocrry2M6', '10756805Y', 'Rosario López Saez', 'rosario@rosario.com', '620 182 022', 'https://robohash.org/rls11', 'CLIENTE', 'true', 'true', 'true', 'true', '2023-02-10 00:00:00', '2023-02-10 00:00:00');
insert into user_entity (id, username, password, dni, nombre, email, tlf, avatar, roles, account_non_expired, account_non_locked, credentials_non_expired, enabled, created_at, last_password_change_at) values ('76406075-be67-47f1-9f92-32388c019bb3', 'cpl20', '{bcrypt}$2y$10$Wu4v2DSon5fbGpXFucn5RufLwYnSB3jF1DGivY8bE4Zrkc3/FEkqC', '58741025G', 'Cecilia Pérez Lóbo', 'ceci@ceci.com', '698 100 202', 'https://robohash.org/cpl20', 'CLIENTE', 'true', 'true', 'true', 'true', '2023-02-10 00:00:00', '2023-02-10 00:00:00');



insert into mecanico (user_id) values ('3e380d54-861c-4809-bb84-bd32bab42c2e') -- mrl26 / admin1234
insert into mecanico (user_id) values ('17f920ca-57ac-4053-933c-7d5a6c9cd328') -- asp14 / mec1234
insert into mecanico (user_id) values ('43dc49e5-7cb2-461a-8ed4-e0f36c696b73') -- lvc19 / lvc19


insert into cliente (user_id, vehiculo, matricula) values ('d182a454-9998-4c82-a622-2d7bafc0379a', 'Kia Rio', '2014GMD') -- jjml4 / cli1234

insert into cita (id, mecanico_id, cliente_id, fecha_hora, estado) values (1, '3e380d54-861c-4809-bb84-bd32bab42c2e', 'd182a454-9998-4c82-a622-2d7bafc0379a', '2023-1-18 12:00', 'Terminada')
insert into cita_servicios (cita_id, servicios) values (1, 'Cambio aceite')
insert into cita_servicios (cita_id, servicios) values (1, 'Cambio filtro aceite')
insert into adjunto (id, fecha_hora, contenido, user_id, cita_id, fichero) values (2, '2023-1-18 14:10', 'Hola buenas, hemos visto que también necesitaría un cambio de pastillas de freno.', '3e380d54-861c-4809-bb84-bd32bab42c2e', 1, false)
insert into adjunto (id, fecha_hora, contenido, user_id, cita_id, fichero) values (3, '2023-1-18 14:30', 'Hola, en principio no se lo cambiéis, esperaré a más adelante.', 'd182a454-9998-4c82-a622-2d7bafc0379a', 1, false)

insert into cita (id, mecanico_id, cliente_id, fecha_hora, estado) values (4, '17f920ca-57ac-4053-933c-7d5a6c9cd328', 'd182a454-9998-4c82-a622-2d7bafc0379a', '2022-5-18 10:00', 'Terminada')
insert into cita_servicios (cita_id, servicios) values (4, 'Cambio neumáticos')
insert into cita_servicios (cita_id, servicios) values (4, 'Cambio filtro aire')
insert into cita_servicios (cita_id, servicios) values (4, 'Cambio filtro habitáculo')
insert into adjunto (id, fecha_hora, contenido, user_id, cita_id, fichero) values (5, '2022-5-18 11:00', 'Hola, vamos a tardar un poco más de la cuenta por un fallo de logística.', '17f920ca-57ac-4053-933c-7d5a6c9cd328', 4, false)
insert into adjunto (id, fecha_hora, contenido, user_id, cita_id, fichero) values (6, '2022-5-18 11:05', 'Sin problemas.', 'd182a454-9998-4c82-a622-2d7bafc0379a', 4, false)
insert into adjunto (id, fecha_hora, contenido, user_id, cita_id, fichero) values (7, '2022-5-18 11:10', 'Perfecto, muchas gracias.', '17f920ca-57ac-4053-933c-7d5a6c9cd328', 4, false)


insert into cliente (user_id, vehiculo, matricula) values ('c2cac01b-0bc0-4748-ab28-956190e4ab7a', 'Opel Astra', '8520KMM') -- mdh11 / mdh11

insert into cita (id, mecanico_id, cliente_id, fecha_hora, estado) values (8, '43dc49e5-7cb2-461a-8ed4-e0f36c696b73', 'c2cac01b-0bc0-4748-ab28-956190e4ab7a', '2023-3-2 12:00', 'Aceptada')
insert into cita_servicios (cita_id, servicios) values (8, 'Cambio pastillas de freno')
insert into adjunto (id, fecha_hora, mensaje, user_id, cita_id, fichero) values (9, '2023-2-25 14:00', 'Hemos pedido las piezas, en cuanto llegue, puede traer el coche.', '43dc49e5-7cb2-461a-8ed4-e0f36c696b73', 8, false)

insert into cita (id, mecanico_id, cliente_id, fecha_hora, estado) values (10, '17f920ca-57ac-4053-933c-7d5a6c9cd328', 'c2cac01b-0bc0-4748-ab28-956190e4ab7a', '2022-11-8 11:00', 'Terminada')
insert into cita_servicios (cita_id, servicios) values (10, 'Cambio filtro aceite')
insert into cita_servicios (cita_id, servicios) values (10, 'Cambio aceite')
insert into cita_servicios (cita_id, servicios) values (10, 'Cambio amortiguación')
insert into adjunto (id, fecha_hora, contenido, user_id, cita_id, fichero) values (11, '2022-11-7 19:00', 'Acabo de recordar que cuando frenaba en seco, se notaba un golpe en la zona trasera.', 'c2cac01b-0bc0-4748-ab28-956190e4ab7a', 10, false)
insert into adjunto (id, fecha_hora, contenido, user_id, cita_id, fichero) values (12, '2022-11-8 11:30', 'Es de la amortiguación, hay que cambiarla.', '17f920ca-57ac-4053-933c-7d5a6c9cd328', 10, false)
insert into adjunto (id, fecha_hora, contenido, user_id, cita_id, fichero) values (13, '2022-11-8 11:33', 'Vale, cambiadla por favor.', 'c2cac01b-0bc0-4748-ab28-956190e4ab7a', 10, false)
insert into adjunto (id, fecha_hora, contenido, user_id, cita_id, fichero) values (14, '2022-11-8 11:42', 'Pedida la pieza, en cuanto llegue lo cambiamos.', '17f920ca-57ac-4053-933c-7d5a6c9cd328', 10, false)

insert into cita (id, mecanico_id, cliente_id, fecha_hora, estado) values (15, '3e380d54-861c-4809-bb84-bd32bab42c2e', 'c2cac01b-0bc0-4748-ab28-956190e4ab7a', '2022-1-17 15:00', 'Terminada')
insert into cita_servicios (cita_id, servicios) values (15, 'Cambio filtro aire')
insert into cita_servicios (cita_id, servicios) values (15, 'Cambio filtro habitáculo')
insert into cita_servicios (cita_id, servicios) values (15, 'Cambio filtro combustible')
insert into cita_servicios (cita_id, servicios) values (15, 'Revisión de niveles')


insert into cliente (user_id, vehiculo, matricula) values ('bc2a6f6e-b4b9-40d1-ab90-fe9d78ae414e', 'Kia Ceed', '0214HNM') -- fmf14 / fmf14

insert into cita (id, mecanico_id, cliente_id, fecha_hora, estado) values (16, '3e380d54-861c-4809-bb84-bd32bab42c2e', 'bc2a6f6e-b4b9-40d1-ab90-fe9d78ae414e', '2023-2-1 13:30', 'Aceptada')
insert into cita_servicios (cita_id, servicios) values (16, 'Cambio aceite')
insert into cita_servicios (cita_id, servicios) values (16, 'Cambio filtro aceite')
insert into adjunto (id, fecha_hora, contenido, user_id, cita_id, fichero) values (17, '2023-1-12 16:30', 'Las ruedas están algo desgastadas, ¿podéis echarle un vistazo?', 'bc2a6f6e-b4b9-40d1-ab90-fe9d78ae414e', 16, false)
insert into adjunto (id, fecha_hora, contenido, user_id, cita_id, fichero) values (18, '2023-1-13 9:00', 'En cuanto venga lo miramos.', '3e380d54-861c-4809-bb84-bd32bab42c2e', 16, false)
insert into adjunto (id, fecha_hora, contenido, user_id, cita_id, fichero) values (19, '2023-1-12 16:30', 'No es necesario, aún aguantan un tiempo más.', '3e380d54-861c-4809-bb84-bd32bab42c2e', 16, false)


insert into cliente (user_id, vehiculo, matricula) values ('1240bad9-5055-43ca-a640-75cd1f59c493', 'Renault Clio', '5221SCD') -- ism5 / ism5

insert into cita (id, mecanico_id, cliente_id, fecha_hora, estado) values (20, '43dc49e5-7cb2-461a-8ed4-e0f36c696b73', '1240bad9-5055-43ca-a640-75cd1f59c493', '2023-3-6 14:00', 'Aceptada')
insert into cita_servicios (cita_id, servicios) values (20, 'Cambio aceite')
insert into cita_servicios (cita_id, servicios) values (20, 'Cambio filtro aceite')
insert into cita_servicios (cita_id, servicios) values (20, 'Cambio filtro aire')
insert into cita_servicios (cita_id, servicios) values (20, 'Cambio filtro habitáculo')
insert into cita_servicios (cita_id, servicios) values (20, 'Cambio filtro combustible')
insert into adjunto (id, fecha_hora, contenido, user_id, cita_id, fichero) values (21, '2022-2-23', 'Si está todo bien, hacemos revisión completa.', '43dc49e5-7cb2-461a-8ed4-e0f36c696b73', 20, false)

insert into cita (id, mecanico_id, cliente_id, fecha_hora, estado) values (22, '17f920ca-57ac-4053-933c-7d5a6c9cd328', '1240bad9-5055-43ca-a640-75cd1f59c493', '2022-4-27 12:30', 'Terminada')
insert into cita_servicios (cita_id, servicios) values (22, 'Cambio distribución')


insert into cliente (user_id, vehiculo, matricula) values ('72b1385c-4a6f-4a43-9539-d04c154c7b71', 'Seat Ibiza', '5877FCD') -- lgm4 / lgm4

insert into cita (id, mecanico_id, cliente_id, fecha_hora, estado) values (23, '3e380d54-861c-4809-bb84-bd32bab42c2e', '72b1385c-4a6f-4a43-9539-d04c154c7b71', '2023-3-30 10:30', 'Aceptada')
insert into cita_servicios (cita_id, servicios) values (23, 'Cambio aceite')
insert into cita_servicios (cita_id, servicios) values (23, 'Cambio filtro aceite')
insert into cita_servicios (cita_id, servicios) values (23, 'Cambio filtro combustible')
insert into adjunto (id, fecha_hora, contenido, user_id, cita_id, fichero) values (24, '2022-2-20 16:35', 'Cuando freno chirría un poco.', '72b1385c-4a6f-4a43-9539-d04c154c7b71', 23, false)
insert into adjunto (id, fecha_hora, contenido, user_id, cita_id, fichero) values (25, '2022-2-20 17:40', 'Le echamos un vistazo y te decimos con lo que sea.', '3e380d54-861c-4809-bb84-bd32bab42c2e', 23, false)


insert into cliente (user_id, vehiculo, matricula) values ('6ed05011-ab90-4051-84bd-7587e747b96f', 'Volkswagen Polo', '8520VVG') -- cca15 / cca15
insert into cita (id, mecanico_id, cliente_id, fecha_hora, estado) values (26, '3e380d54-861c-4809-bb84-bd32bab42c2e', '6ed05011-ab90-4051-84bd-7587e747b96f', CURRENT_TIMESTAMP(), 'Trámite')


insert into cliente (user_id, vehiculo, matricula) values ('f7d699b1-d7fd-4408-990a-5287b3229597', 'Toyota C-HR', '7456BDX') -- mrb23 / mrb23
insert into cita (id, mecanico_id, cliente_id, fecha_hora, estado) values (27, '17f920ca-57ac-4053-933c-7d5a6c9cd328', 'f7d699b1-d7fd-4408-990a-5287b3229597', CURRENT_TIMESTAMP(), 'Trámite')


insert into cliente (user_id, vehiculo, matricula) values ('8183cd78-6800-4b73-bdb7-049210af25da', 'Seat Ibiza', '9965FCD') -- rls11 / rls11
insert into cita (id, mecanico_id, cliente_id, fecha_hora, estado) values (28, '43dc49e5-7cb2-461a-8ed4-e0f36c696b73', '8183cd78-6800-4b73-bdb7-049210af25da', CURRENT_TIMESTAMP(), 'Trámite')


insert into cliente (user_id, vehiculo, matricula) values ('76406075-be67-47f1-9f92-32388c019bb3', 'Opel Corsa', '5554CDD') -- cpl20 / cpl20

ALTER SEQUENCE hibernate_sequence RESTART WITH 1000;
